{
  "project_info": {
    "project_number": "943383275787",
    "project_id": "aplicacionparcial",
    "storage_bucket": "aplicacionparcial.appspot.com"
  },
  "client": [
    {
      "client_info": {
        "mobilesdk_app_id": "1:943383275787:android:efcd5502218ce129ca9a0e",
        "android_client_info": {
          "package_name": "com.example.aplicacionparcial"
        }
      },
      "oauth_client": [],
      "api_key": [
        {
          "current_key": "AIzaSyAmSQDiEHT7dT71lCyRxCFnmc2JfhGv6PE"
        }
      ],
      "services": {
        "appinvite_service": {
          "other_platform_oauth_client": []
        }
      }
    }
  ],
  "configuration_version": "1"
}